{"elementType":"org.springframework.ide.vscode.boot.java.beans.CachedBean","timestampedFiles":{"D:\\dev\\workspace17\\demo\\src\\main\\java\\com\\example\\demo\\DemoApplication.java":1718412423027,"D:\\dev\\workspace17\\demo\\src\\main\\java\\com\\example\\demo\\MyDTO.java":1718413768076,"D:\\dev\\workspace17\\demo\\src\\main\\java\\com\\example\\demo\\TestController.java":1718427793109},"elements":[{"bean":{"name":"demoApplication","type":"com.example.demo.DemoApplication","location":{"uri":"file:///D:/dev/workspace17/demo/src/main/java/com/example/demo/DemoApplication.java","range":{"start":{"line":5,"character":0},"end":{"line":5,"character":22}}},"injectionPoints":[],"supertypes":["java.lang.Object"],"annotations":["org.springframework.boot.autoconfigure.SpringBootApplication","org.springframework.boot.SpringBootConfiguration","org.springframework.context.annotation.Configuration","org.springframework.stereotype.Component"]},"docURI":"file:///D:/dev/workspace17/demo/src/main/java/com/example/demo/DemoApplication.java"},{"bean":{"name":"testController","type":"com.example.demo.TestController","location":{"uri":"file:///D:/dev/workspace17/demo/src/main/java/com/example/demo/TestController.java","range":{"start":{"line":9,"character":0},"end":{"line":9,"character":15}}},"injectionPoints":[],"supertypes":["java.lang.Object"],"annotations":["org.springframework.web.bind.annotation.RestController","org.springframework.stereotype.Controller","org.springframework.stereotype.Component"]},"docURI":"file:///D:/dev/workspace17/demo/src/main/java/com/example/demo/TestController.java"}],"dependencies":{}}