{"elementType":"org.springframework.ide.vscode.boot.java.utils.CachedSymbol","timestampedFiles":{"D:\\dev\\workspace17\\demo\\src\\main\\java\\com\\example\\demo\\DemoApplication.java":1718412423027,"D:\\dev\\workspace17\\demo\\src\\main\\java\\com\\example\\demo\\MyDTO.java":1718413768076,"D:\\dev\\workspace17\\demo\\src\\main\\java\\com\\example\\demo\\TestController.java":1718427793109},"elements":[{"lastModified":1718412423027,"enhancedSymbol":{"symbol":{"name":"@+ \u0027demoApplication\u0027 (@SpringBootApplication \u003c: @SpringBootConfiguration, @Configuration, @Component) DemoApplication","kind":"Interface","location":{"uri":"file:///D:/dev/workspace17/demo/src/main/java/com/example/demo/DemoApplication.java","range":{"start":{"line":5,"character":0},"end":{"line":5,"character":22}}}},"additionalInformation":[{"type":"org.springframework.ide.vscode.boot.java.beans.ConfigBeanSymbolAddOnInformation","data":{"beanID":"demoApplication","beanType":"com.example.demo.DemoApplication"}}]},"docURI":"file:///D:/dev/workspace17/demo/src/main/java/com/example/demo/DemoApplication.java"},{"lastModified":1718427793109,"enhancedSymbol":{"symbol":{"name":"@+ \u0027testController\u0027 (@RestController \u003c: @Controller, @Component) TestController","kind":"Interface","location":{"uri":"file:///D:/dev/workspace17/demo/src/main/java/com/example/demo/TestController.java","range":{"start":{"line":9,"character":0},"end":{"line":9,"character":15}}}},"additionalInformation":[{"type":"org.springframework.ide.vscode.boot.java.beans.BeansSymbolAddOnInformation","data":{"beanID":"testController","beanType":"com.example.demo.TestController"}}]},"docURI":"file:///D:/dev/workspace17/demo/src/main/java/com/example/demo/TestController.java"},{"lastModified":1718427793109,"enhancedSymbol":{"symbol":{"name":"@/hello -- POST","kind":"Interface","location":{"uri":"file:///D:/dev/workspace17/demo/src/main/java/com/example/demo/TestController.java","range":{"start":{"line":12,"character":2},"end":{"line":12,"character":24}}}}},"docURI":"file:///D:/dev/workspace17/demo/src/main/java/com/example/demo/TestController.java"},{"lastModified":1718427793109,"enhancedSymbol":{"symbol":{"name":"@RequestBody","kind":"Interface","location":{"uri":"file:///D:/dev/workspace17/demo/src/main/java/com/example/demo/TestController.java","range":{"start":{"line":13,"character":22},"end":{"line":13,"character":34}}}}},"docURI":"file:///D:/dev/workspace17/demo/src/main/java/com/example/demo/TestController.java"},{"lastModified":1718427793109,"enhancedSymbol":{"symbol":{"name":"@/hello -- GET","kind":"Interface","location":{"uri":"file:///D:/dev/workspace17/demo/src/main/java/com/example/demo/TestController.java","range":{"start":{"line":22,"character":2},"end":{"line":22,"character":23}}}}},"docURI":"file:///D:/dev/workspace17/demo/src/main/java/com/example/demo/TestController.java"}],"dependencies":{}}