{"timestampedFiles":{"D:\\dev\\workspace\\demo-web\\src\\main\\java\\com\\example\\demo\\DemoController.java":1650614242779,"D:\\dev\\workspace\\demo-web\\src\\main\\java\\com\\example\\demo\\DemoWebApplication.java":1650593415540},"symbols":[{"docURI":"file:///D:/dev/workspace/demo-web/src/main/java/com/example/demo/DemoWebApplication.java","lastModified":1650593415540,"enhancedSymbol":{"symbol":{"name":"@+ \u0027demoWebApplication\u0027 (@SpringBootApplication \u003c: @SpringBootConfiguration, @Configuration, @Component) DemoWebApplication","kind":"Interface","location":{"uri":"file:///D:/dev/workspace/demo-web/src/main/java/com/example/demo/DemoWebApplication.java","range":{"start":{"line":5,"character":0},"end":{"line":5,"character":22}}}},"additionalInformation":[{"type":"org.springframework.ide.vscode.boot.java.beans.BeansSymbolAddOnInformation","data":{"beanID":"demoWebApplication"}}]}},{"docURI":"file:///D:/dev/workspace/demo-web/src/main/java/com/example/demo/DemoController.java","lastModified":1650614242779,"enhancedSymbol":{"symbol":{"name":"@+ \u0027demoController\u0027 (@RestController \u003c: @Controller, @Component) DemoController","kind":"Interface","location":{"uri":"file:///D:/dev/workspace/demo-web/src/main/java/com/example/demo/DemoController.java","range":{"start":{"line":11,"character":0},"end":{"line":11,"character":15}}}},"additionalInformation":[{"type":"org.springframework.ide.vscode.boot.java.beans.BeansSymbolAddOnInformation","data":{"beanID":"demoController"}}]}},{"docURI":"file:///D:/dev/workspace/demo-web/src/main/java/com/example/demo/DemoController.java","lastModified":1650614242779,"enhancedSymbol":{"symbol":{"name":"@/test/{id} -- GET","kind":"Interface","location":{"uri":"file:///D:/dev/workspace/demo-web/src/main/java/com/example/demo/DemoController.java","range":{"start":{"line":15,"character":1},"end":{"line":15,"character":21}}}}}},{"docURI":"file:///D:/dev/workspace/demo-web/src/main/java/com/example/demo/DemoController.java","lastModified":1650614242779,"enhancedSymbol":{"symbol":{"name":"@ResponseBody","kind":"Interface","location":{"uri":"file:///D:/dev/workspace/demo-web/src/main/java/com/example/demo/DemoController.java","range":{"start":{"line":16,"character":1},"end":{"line":16,"character":14}}}}}},{"docURI":"file:///D:/dev/workspace/demo-web/src/main/java/com/example/demo/DemoController.java","lastModified":1650614242779,"enhancedSymbol":{"symbol":{"name":"@PathVariable(\"id\")","kind":"Interface","location":{"uri":"file:///D:/dev/workspace/demo-web/src/main/java/com/example/demo/DemoController.java","range":{"start":{"line":17,"character":19},"end":{"line":17,"character":38}}}}}},{"docURI":"file:///D:/dev/workspace/demo-web/src/main/java/com/example/demo/DemoController.java","lastModified":1650614242779,"enhancedSymbol":{"symbol":{"name":"@/test -- POST","kind":"Interface","location":{"uri":"file:///D:/dev/workspace/demo-web/src/main/java/com/example/demo/DemoController.java","range":{"start":{"line":22,"character":1},"end":{"line":22,"character":18}}}}}},{"docURI":"file:///D:/dev/workspace/demo-web/src/main/java/com/example/demo/DemoController.java","lastModified":1650614242779,"enhancedSymbol":{"symbol":{"name":"@ResponseBody","kind":"Interface","location":{"uri":"file:///D:/dev/workspace/demo-web/src/main/java/com/example/demo/DemoController.java","range":{"start":{"line":23,"character":1},"end":{"line":23,"character":14}}}}}},{"docURI":"file:///D:/dev/workspace/demo-web/src/main/java/com/example/demo/DemoController.java","lastModified":1650614242779,"enhancedSymbol":{"symbol":{"name":"@/test","kind":"Interface","location":{"uri":"file:///D:/dev/workspace/demo-web/src/main/java/com/example/demo/DemoController.java","range":{"start":{"line":29,"character":1},"end":{"line":29,"character":24}}}}}},{"docURI":"file:///D:/dev/workspace/demo-web/src/main/java/com/example/demo/DemoController.java","lastModified":1650614242779,"enhancedSymbol":{"symbol":{"name":"@ResponseBody","kind":"Interface","location":{"uri":"file:///D:/dev/workspace/demo-web/src/main/java/com/example/demo/DemoController.java","range":{"start":{"line":30,"character":1},"end":{"line":30,"character":14}}}}}},{"docURI":"file:///D:/dev/workspace/demo-web/src/main/java/com/example/demo/DemoController.java","lastModified":1650614242779,"enhancedSymbol":{"symbol":{"name":"@RequestBody","kind":"Interface","location":{"uri":"file:///D:/dev/workspace/demo-web/src/main/java/com/example/demo/DemoController.java","range":{"start":{"line":31,"character":19},"end":{"line":31,"character":31}}}}}}],"dependencies":{}}