{"timestampedFiles":{"D:\\dev\\workspace\\demo-1\\src\\main\\java\\com\\example\\demo\\Demo1Application.java":1650591124289},"symbols":[{"docURI":"file:///D:/dev/workspace/demo-1/src/main/java/com/example/demo/Demo1Application.java","lastModified":1650591124289,"enhancedSymbol":{"symbol":{"name":"@+ \u0027demo1Application\u0027 (@SpringBootApplication \u003c: @SpringBootConfiguration, @Configuration, @Component) Demo1Application","kind":"Interface","location":{"uri":"file:///D:/dev/workspace/demo-1/src/main/java/com/example/demo/Demo1Application.java","range":{"start":{"line":5,"character":0},"end":{"line":5,"character":22}}}},"additionalInformation":[{"type":"org.springframework.ide.vscode.boot.java.beans.BeansSymbolAddOnInformation","data":{"beanID":"demo1Application"}}]}}],"dependencies":{}}