{"elementType":"org.springframework.ide.vscode.boot.java.beans.CachedBean","timestampedFiles":{"D:\\dev\\workspace17\\KbankioGateway\\src\\main\\java\\com\\eai\\online\\CustomJsonTypePostFilter.java":1718432564662,"D:\\dev\\workspace17\\KbankioGateway\\src\\main\\java\\com\\eai\\online\\CustomJsonTypePreFilter.java":1718432600312,"D:\\dev\\workspace17\\KbankioGateway\\src\\main\\java\\com\\eai\\online\\KbankioGatewayApplication.java":1718333170261,"D:\\dev\\workspace17\\KbankioGateway\\src\\main\\java\\com\\eai\\online\\ReqHeaderPartDto.java":1718349096487,"D:\\dev\\workspace17\\KbankioGateway\\src\\main\\java\\com\\eai\\online\\ResHeaderPartDto.java":1718349225070},"elements":[{"bean":{"name":"kbankioGatewayApplication","type":"com.eai.online.KbankioGatewayApplication","location":{"uri":"file:///D:/dev/workspace17/KbankioGateway/src/main/java/com/eai/online/KbankioGatewayApplication.java","range":{"start":{"line":5,"character":0},"end":{"line":5,"character":22}}},"injectionPoints":[],"supertypes":["java.lang.Object"],"annotations":["org.springframework.boot.autoconfigure.SpringBootApplication","org.springframework.boot.SpringBootConfiguration","org.springframework.context.annotation.Configuration","org.springframework.stereotype.Component"]},"docURI":"file:///D:/dev/workspace17/KbankioGateway/src/main/java/com/eai/online/KbankioGatewayApplication.java"},{"bean":{"name":"customJsonTypePostFilter","type":"com.eai.online.CustomJsonTypePostFilter","location":{"uri":"file:///D:/dev/workspace17/KbankioGateway/src/main/java/com/eai/online/CustomJsonTypePostFilter.java","range":{"start":{"line":13,"character":0},"end":{"line":13,"character":10}}},"injectionPoints":[{"name":"objectMapper","type":"com.fasterxml.jackson.databind.ObjectMapper","location":{"uri":"file:///D:/dev/workspace17/KbankioGateway/src/main/java/com/eai/online/CustomJsonTypePostFilter.java","range":{"start":{"line":19,"character":46},"end":{"line":19,"character":58}}}},{"name":"modifyResponseBodyGatewayFilterFactory","type":"org.springframework.cloud.gateway.filter.factory.rewrite.ModifyResponseBodyGatewayFilterFactory","location":{"uri":"file:///D:/dev/workspace17/KbankioGateway/src/main/java/com/eai/online/CustomJsonTypePostFilter.java","range":{"start":{"line":20,"character":42},"end":{"line":20,"character":80}}}}],"supertypes":["org.springframework.context.ApplicationEventPublisherAware","org.springframework.cloud.gateway.support.AbstractConfigurable","org.springframework.cloud.gateway.filter.factory.GatewayFilterFactory","org.springframework.cloud.gateway.support.Configurable","org.springframework.cloud.gateway.support.ShortcutConfigurable","org.springframework.beans.factory.Aware","java.lang.Object","org.springframework.cloud.gateway.filter.factory.AbstractGatewayFilterFactory"],"annotations":["org.springframework.stereotype.Component"]},"docURI":"file:///D:/dev/workspace17/KbankioGateway/src/main/java/com/eai/online/CustomJsonTypePostFilter.java"},{"bean":{"name":"customJsonTypePreFilter","type":"com.eai.online.CustomJsonTypePreFilter","location":{"uri":"file:///D:/dev/workspace17/KbankioGateway/src/main/java/com/eai/online/CustomJsonTypePreFilter.java","range":{"start":{"line":18,"character":0},"end":{"line":18,"character":10}}},"injectionPoints":[{"name":"objectMapper","type":"com.fasterxml.jackson.databind.ObjectMapper","location":{"uri":"file:///D:/dev/workspace17/KbankioGateway/src/main/java/com/eai/online/CustomJsonTypePreFilter.java","range":{"start":{"line":24,"character":48},"end":{"line":24,"character":60}}}},{"name":"modifyRequestBodyGatewayFilterFactory","type":"org.springframework.cloud.gateway.filter.factory.rewrite.ModifyRequestBodyGatewayFilterFactory","location":{"uri":"file:///D:/dev/workspace17/KbankioGateway/src/main/java/com/eai/online/CustomJsonTypePreFilter.java","range":{"start":{"line":24,"character":100},"end":{"line":24,"character":137}}}}],"supertypes":["org.springframework.context.ApplicationEventPublisherAware","org.springframework.cloud.gateway.support.AbstractConfigurable","org.springframework.cloud.gateway.filter.factory.GatewayFilterFactory","org.springframework.cloud.gateway.support.Configurable","org.springframework.cloud.gateway.support.ShortcutConfigurable","org.springframework.beans.factory.Aware","java.lang.Object","org.springframework.cloud.gateway.filter.factory.AbstractGatewayFilterFactory"],"annotations":["org.springframework.stereotype.Component"]},"docURI":"file:///D:/dev/workspace17/KbankioGateway/src/main/java/com/eai/online/CustomJsonTypePreFilter.java"}],"dependencies":{}}