{"elementType":"org.springframework.ide.vscode.boot.java.utils.CachedSymbol","timestampedFiles":{"D:\\dev\\workspace17\\KbankioGateway\\src\\main\\java\\com\\eai\\online\\CustomJsonTypePostFilter.java":1718432564662,"D:\\dev\\workspace17\\KbankioGateway\\src\\main\\java\\com\\eai\\online\\CustomJsonTypePreFilter.java":1718432600312,"D:\\dev\\workspace17\\KbankioGateway\\src\\main\\java\\com\\eai\\online\\KbankioGatewayApplication.java":1718333170261,"D:\\dev\\workspace17\\KbankioGateway\\src\\main\\java\\com\\eai\\online\\ReqHeaderPartDto.java":1718349096487,"D:\\dev\\workspace17\\KbankioGateway\\src\\main\\java\\com\\eai\\online\\ResHeaderPartDto.java":1718349225070},"elements":[{"lastModified":1718333170261,"enhancedSymbol":{"symbol":{"name":"@+ \u0027kbankioGatewayApplication\u0027 (@SpringBootApplication \u003c: @SpringBootConfiguration, @Configuration, @Component) KbankioGatewayApplication","kind":"Interface","location":{"uri":"file:///D:/dev/workspace17/KbankioGateway/src/main/java/com/eai/online/KbankioGatewayApplication.java","range":{"start":{"line":5,"character":0},"end":{"line":5,"character":22}}}},"additionalInformation":[{"type":"org.springframework.ide.vscode.boot.java.beans.ConfigBeanSymbolAddOnInformation","data":{"beanID":"kbankioGatewayApplication","beanType":"com.eai.online.KbankioGatewayApplication"}}]},"docURI":"file:///D:/dev/workspace17/KbankioGateway/src/main/java/com/eai/online/KbankioGatewayApplication.java"},{"lastModified":1718432564662,"enhancedSymbol":{"symbol":{"name":"@+ \u0027customJsonTypePostFilter\u0027 (@Component) CustomJsonTypePostFilter","kind":"Interface","location":{"uri":"file:///D:/dev/workspace17/KbankioGateway/src/main/java/com/eai/online/CustomJsonTypePostFilter.java","range":{"start":{"line":13,"character":0},"end":{"line":13,"character":10}}}},"additionalInformation":[{"type":"org.springframework.ide.vscode.boot.java.beans.BeansSymbolAddOnInformation","data":{"beanID":"customJsonTypePostFilter","beanType":"com.eai.online.CustomJsonTypePostFilter"}}]},"docURI":"file:///D:/dev/workspace17/KbankioGateway/src/main/java/com/eai/online/CustomJsonTypePostFilter.java"},{"lastModified":1718432600312,"enhancedSymbol":{"symbol":{"name":"@+ \u0027customJsonTypePreFilter\u0027 (@Component) CustomJsonTypePreFilter","kind":"Interface","location":{"uri":"file:///D:/dev/workspace17/KbankioGateway/src/main/java/com/eai/online/CustomJsonTypePreFilter.java","range":{"start":{"line":18,"character":0},"end":{"line":18,"character":10}}}},"additionalInformation":[{"type":"org.springframework.ide.vscode.boot.java.beans.BeansSymbolAddOnInformation","data":{"beanID":"customJsonTypePreFilter","beanType":"com.eai.online.CustomJsonTypePreFilter"}}]},"docURI":"file:///D:/dev/workspace17/KbankioGateway/src/main/java/com/eai/online/CustomJsonTypePreFilter.java"}],"dependencies":{}}