<?xml version="1.0" encoding="UTF-8" ?>
<!DOCTYPE mapper
  PUBLIC "-//mybatis.org//DTD Mapper 3.0//EN"
  "http://mybatis.org/dtd/mybatis-3-mapper.dtd">
<mapper namespace="TestTableMapper">
	<!-- <resultMap id="result" type="com.example.demo.domain.TestTableItem"> -->
	<!-- <result property="id" column="ID" /> -->
	<!-- <result property="seq" column="SEQ" /> -->
	<!-- </resultMap> -->

	<select id="selectTest" resultType="hashmap">
	<![CDATA[       
		SELECT prod_name, prod_price
		  FROM Products
	]]>
	</select>

	<insert id="insertTest" parameterType="hashMap">
		INSERT INTO Products (
		prod_name,
		prod_price
		) VALUES (
		#{prod_name},
		#{prod_price}
		)
	</insert>



</mapper>