{"properties": [
  {
    "name": "spring.datasource.mysql.driver-class-name",
    "type": "java.lang.String",
    "description": "A description for 'spring.datasource.mysql.driver-class-name'"
  },
  {
    "name": "spring.datasource.mysql.jdbc-url",
    "type": "java.lang.String",
    "description": "A description for 'spring.datasource.mysql.jdbc-url'"
  },
  {
    "name": "spring.datasource.test1.driver-class-name",
    "type": "java.lang.String",
    "description": "A description for 'spring.datasource.test1.driver-class-name'"
  },
  {
    "name": "spring.datasource.test1.username",
    "type": "java.lang.String",
    "description": "A description for 'spring.datasource.test1.username'"
  },
  {
    "name": "spring.datasource.test1.jdbc-url",
    "type": "java.lang.String",
    "description": "A description for 'spring.datasource.test1.jdbc-url'"
  },
  {
    "name": "spring.datasource.test1.password",
    "type": "java.lang.String",
    "description": "A description for 'spring.datasource.test1.password'"
  },
  {
    "name": "spring.datasource.test2.driver-class-name",
    "type": "java.lang.String",
    "description": "A description for 'spring.datasource.test2.driver-class-name'"
  },
  {
    "name": "spring.datasource.test2.username",
    "type": "java.lang.String",
    "description": "A description for 'spring.datasource.test2.username'"
  },
  {
    "name": "spring.datasource.test2.jdbc-url",
    "type": "java.lang.String",
    "description": "A description for 'spring.datasource.test2.jdbc-url'"
  },
  {
    "name": "spring.datasource.test2.password",
    "type": "java.lang.String",
    "description": "A description for 'spring.datasource.test2.password'"
  }
]}